source_section,source_group,source_group_name,target_section,target_group,target_group_name,money_flow
O,84,Государственное управление,G,46,Оптовая торговля,6480605430.04
Q,86,Здравоохранение,G,46,Оптовая торговля,4347475058.78
O,84,Государственное управление,J,61,Телекоммуникации,3821504161.5299997
O,84,Государственное управление,F,43,Специализированные строительные работы,1667649576.18
N,81,Обслуживание зданий и территорий,G,46,Оптовая торговля,1542859123.41
G,46,Оптовая торговля,F,41,Строительство зданий,1406601811.71
Q,86,Здравоохранение,C,21,Производство лекарств,1142358676.28
C,21,Производство лекарств,C,21,Производство лекарств,1062885103.88
O,84,Государственное управление,C,21,Производство лекарств,1008141124.1
C,21,Производство лекарств,G,46,Оптовая торговля,807783463.96
O,84,Государственное управление,F,41,Строительство зданий,558578404.19
O,84,Государственное управление,D,35,"Электроэнергия, газ и пар",506348556.55
P,85,Образование,IP,IP,ИП / Физлицо,492801225.5
Q,86,Здравоохранение,IP,IP,ИП / Физлицо,419666011.46
O,84,Государственное управление,J,63,Информационные технологии,336803816.80999994
O,84,Государственное управление,IP,IP,ИП / Физлицо,327534731.06
P,85,Образование,G,46,Оптовая торговля,297142642.8
Q,86,Здравоохранение,Q,86,Здравоохранение,233481182.06
P,85,Образование,F,41,Строительство зданий,208503713.36999997
R,91,"Библиотеки, музеи, архивы",G,46,Оптовая торговля,190771333.07999998
O,84,Государственное управление,H,52,Складское хозяйство,185479768.4
P,85,Образование,F,43,Специализированные строительные работы,155246178.16
P,85,Образование,D,35,"Электроэнергия, газ и пар",141190693.55
Q,86,Здравоохранение,F,41,Строительство зданий,111640310.16000001
D,35,"Электроэнергия, газ и пар",G,46,Оптовая торговля,98690074.03999999
G,46,Оптовая торговля,G,46,Оптовая торговля,94186360.7
R,93,Спорт и отдых,D,35,"Электроэнергия, газ и пар",59602402.75
O,84,Государственное управление,J,62,Разработка программного обеспечения,58585589.81
O,84,Государственное управление,O,84,Государственное управление,53299345.33
Q,86,Здравоохранение,D,35,"Электроэнергия, газ и пар",41906180.74
G,46,Оптовая торговля,A,02,Лесоводство и лесозаготовки,38859975.0
N,81,Обслуживание зданий и территорий,J,63,Информационные технологии,38596973.8
C,21,Производство лекарств,K,64,Финансовые услуги,36510352.19
P,85,Образование,J,58,Издательская деятельность,35584462.79
Q,87,Уход с обеспечением проживания,G,46,Оптовая торговля,34908669.99
Q,88,Социальные услуги,G,46,Оптовая торговля,34009134.660000004
F,41,Строительство зданий,F,41,Строительство зданий,33750531.370000005
R,93,Спорт и отдых,G,46,Оптовая торговля,32183906.669999998
N,81,Обслуживание зданий и территорий,F,41,Строительство зданий,30969289.369999997
N,80,Охрана и безопасность,J,62,Разработка программного обеспечения,30486750.0
N,80,Охрана и безопасность,G,46,Оптовая торговля,30055419.459999997
O,84,Государственное управление,R,93,Спорт и отдых,27582024.099999998
N,81,Обслуживание зданий и территорий,C,20,Производство химических веществ,27226621.01
F,41,Строительство зданий,G,46,Оптовая торговля,26233703.28
E,36,Водоснабжение,G,46,Оптовая торговля,26204891.19
O,84,Государственное управление,E,36,Водоснабжение,24503578.27
Q,86,Здравоохранение,N,81,Обслуживание зданий и территорий,24479606.93
Q,86,Здравоохранение,J,63,Информационные технологии,23146531.4
G,46,Оптовая торговля,IP,IP,ИП / Физлицо,22569911.099999998
G,46,Оптовая торговля,F,43,Специализированные строительные работы,22553530.73
N,80,Охрана и безопасность,F,41,Строительство зданий,20005000.0
G,46,Оптовая торговля,M,72,Научные исследования,19880419.0
K,65,Страхование,Q,86,Здравоохранение,19637444.8
J,61,Телекоммуникации,G,46,Оптовая торговля,18549723.54
A,1,Растениеводство и животноводство,IP,IP,ИП / Физлицо,14658050.0
O,84,Государственное управление,Q,86,Здравоохранение,13504559.82
H,49,Сухопутный транспорт,G,46,Оптовая торговля,11704631.5
P,85,Образование,O,84,Государственное управление,10659574.06
F,41,Строительство зданий,IP,IP,ИП / Физлицо,10499450.69
P,85,Образование,E,36,Водоснабжение,10380971.57
R,93,Спорт и отдых,IP,IP,ИП / Физлицо,9977457.23
O,84,Государственное управление,N,80,Охрана и безопасность,9112004.38
C,21,Производство лекарств,C,20,Производство химических веществ,8472867.63
C,21,Производство лекарств,R,93,Спорт и отдых,8399347.47
M,72,Научные исследования,J,61,Телекоммуникации,8287938.0
Q,86,Здравоохранение,J,61,Телекоммуникации,7705036.550000001
J,63,Информационные технологии,F,41,Строительство зданий,7611528.29
J,63,Информационные технологии,D,35,"Электроэнергия, газ и пар",7432827.130000001
N,81,Обслуживание зданий и территорий,D,35,"Электроэнергия, газ и пар",7131908.82
N,80,Охрана и безопасность,D,35,"Электроэнергия, газ и пар",6511731.83
O,84,Государственное управление,M,69,Юридические и бухгалтерские услуги,6391151.84
P,85,Образование,M,69,Юридические и бухгалтерские услуги,6222586.01
D,35,"Электроэнергия, газ и пар",M,69,Юридические и бухгалтерские услуги,6190000.0
Q,86,Здравоохранение,F,43,Специализированные строительные работы,5984081.71
R,90,Творчество и искусство,G,46,Оптовая торговля,5970469.03
J,63,Информационные технологии,IP,IP,ИП / Физлицо,5677630.04
K,65,Страхование,G,46,Оптовая торговля,5475705.4399999995
P,85,Образование,N,81,Обслуживание зданий и территорий,5417256.49
J,63,Информационные технологии,G,46,Оптовая торговля,5360033.97
J,62,Разработка программного обеспечения,G,46,Оптовая торговля,5096168.14
P,85,Образование,Q,88,Социальные услуги,5092377.84
K,65,Страхование,N,80,Охрана и безопасность,4966311.82
D,35,"Электроэнергия, газ и пар",N,80,Охрана и безопасность,4939200.0
Q,86,Здравоохранение,N,80,Охрана и безопасность,4756376.28
R,90,Творчество и искусство,D,35,"Электроэнергия, газ и пар",4675832.42
R,91,"Библиотеки, музеи, архивы",IP,IP,ИП / Физлицо,4450138.29
E,36,Водоснабжение,F,41,Строительство зданий,4384014.3100000005
G,46,Оптовая торговля,O,84,Государственное управление,4234284.0
P,85,Образование,N,80,Охрана и безопасность,4138729.69
G,46,Оптовая торговля,M,69,Юридические и бухгалтерские услуги,4000000.0
Q,86,Здравоохранение,K,64,Финансовые услуги,3965990.0
J,63,Информационные технологии,J,58,Издательская деятельность,3732699.0900000003
Q,88,Социальные услуги,IP,IP,ИП / Физлицо,3655365.44
P,85,Образование,M,72,Научные исследования,3149216.0
M,72,Научные исследования,F,41,Строительство зданий,3100000.0
H,49,Сухопутный транспорт,IP,IP,ИП / Физлицо,3046883.36
A,1,Растениеводство и животноводство,A,01,Растениеводство и животноводство,2971919.64
C,21,Производство лекарств,IP,IP,ИП / Физлицо,2884246.4000000004
M,71,Архитектура и инжиниринг,G,46,Оптовая торговля,2855076.52
R,90,Творчество и искусство,IP,IP,ИП / Физлицо,2797965.62
P,85,Образование,J,63,Информационные технологии,2773167.36
G,46,Оптовая торговля,D,35,"Электроэнергия, газ и пар",2722236.32
R,91,"Библиотеки, музеи, архивы",O,84,Государственное управление,2541950.63
O,84,Государственное управление,H,53,Почта и курьеры,2531950.0
O,84,Государственное управление,Q,88,Социальные услуги,2483403.0
K,65,Страхование,D,35,"Электроэнергия, газ и пар",2316875.53
J,62,Разработка программного обеспечения,IP,IP,ИП / Физлицо,2297551.85
O,84,Государственное управление,M,72,Научные исследования,2197413.44
K,65,Страхование,IP,IP,ИП / Физлицо,1989787.1300000001
A,2,Лесоводство и лесозаготовки,G,46,Оптовая торговля,1877220.67
R,90,Творчество и искусство,E,36,Водоснабжение,1823542.8499999999
Q,87,Уход с обеспечением проживания,IP,IP,ИП / Физлицо,1802501.1
P,85,Образование,J,62,Разработка программного обеспечения,1739322.0
O,84,Государственное управление,B,06,Добыча нефти и газа,1699998.29
O,84,Государственное управление,N,81,Обслуживание зданий и территорий,1692804.5699999998
K,65,Страхование,J,63,Информационные технологии,1657222.61
O,84,Государственное управление,R,90,Творчество и искусство,1639103.5
N,81,Обслуживание зданий и территорий,IP,IP,ИП / Физлицо,1630600.3599999999
N,80,Охрана и безопасность,IP,IP,ИП / Физлицо,1533289.27
F,41,Строительство зданий,J,63,Информационные технологии,1388532.41
Q,88,Социальные услуги,Q,86,Здравоохранение,1376250.0
C,10,Производство пищевых продуктов,IP,IP,ИП / Физлицо,1255357.96
G,46,Оптовая торговля,A,01,Растениеводство и животноводство,1183360.0
A,2,Лесоводство и лесозаготовки,K,65,Страхование,1048000.0
Q,86,Здравоохранение,G,47,Розничная торговля,1044203.46
C,21,Производство лекарств,F,43,Специализированные строительные работы,997900.44
C,10,Производство пищевых продуктов,C,10,Производство пищевых продуктов,953800.0
Q,88,Социальные услуги,D,35,"Электроэнергия, газ и пар",891132.15
A,3,Рыболовство и рыбоводство,IP,IP,ИП / Физлицо,879976.68
C,21,Производство лекарств,J,63,Информационные технологии,877788.82
Q,88,Социальные услуги,N,80,Охрана и безопасность,783914.79
F,41,Строительство зданий,C,20,Производство химических веществ,752274.64
C,26,Производство электроники и компьютеров,G,46,Оптовая торговля,744309.16
P,85,Образование,J,61,Телекоммуникации,743404.4
P,85,Образование,C,10,Производство пищевых продуктов,714855.6699999999
E,36,Водоснабжение,IP,IP,ИП / Физлицо,678306.0
R,91,"Библиотеки, музеи, архивы",J,58,Издательская деятельность,674196.42
Q,86,Здравоохранение,H,53,Почта и курьеры,650000.0
N,81,Обслуживание зданий и территорий,F,43,Специализированные строительные работы,643100.5800000001
K,65,Страхование,G,47,Розничная торговля,629600.0
J,58,Издательская деятельность,G,46,Оптовая торговля,615000.0
M,72,Научные исследования,G,46,Оптовая торговля,595704.06
B,9,Услуги в области добычи полезных ископаемых,IP,IP,ИП / Физлицо,578637.0
M,71,Архитектура и инжиниринг,IP,IP,ИП / Физлицо,570000.0
Q,86,Здравоохранение,C,20,Производство химических веществ,559910.0
R,91,"Библиотеки, музеи, архивы",P,85,Образование,545369.92
O,84,Государственное управление,A,01,Растениеводство и животноводство,531739.62
Q,86,Здравоохранение,J,62,Разработка программного обеспечения,476231.8
F,41,Строительство зданий,O,84,Государственное управление,453700.0
N,80,Охрана и безопасность,P,85,Образование,450000.0
M,72,Научные исследования,IP,IP,ИП / Физлицо,383008.69
O,84,Государственное управление,B,09,Услуги в области добычи полезных ископаемых,378160.0
Q,88,Социальные услуги,O,84,Государственное управление,370296.2
N,80,Охрана и безопасность,M,69,Юридические и бухгалтерские услуги,353983.0
P,85,Образование,C,21,Производство лекарств,339750.0
R,91,"Библиотеки, музеи, архивы",J,63,Информационные технологии,313971.0
A,2,Лесоводство и лесозаготовки,D,35,"Электроэнергия, газ и пар",299882.32
Q,86,Здравоохранение,A,02,Лесоводство и лесозаготовки,295470.0
O,84,Государственное управление,B,05,Добыча угля,285738.6
D,35,"Электроэнергия, газ и пар",D,35,"Электроэнергия, газ и пар",273089.74
P,85,Образование,P,85,Образование,266040.0
Q,88,Социальные услуги,M,69,Юридические и бухгалтерские услуги,250000.0
O,84,Государственное управление,E,38,Утилизация отходов,245825.68
Q,86,Здравоохранение,E,36,Водоснабжение,245000.0
R,93,Спорт и отдых,R,93,Спорт и отдых,235500.0
A,2,Лесоводство и лесозаготовки,IP,IP,ИП / Физлицо,214400.0
N,80,Охрана и безопасность,C,21,Производство лекарств,203471.0
F,41,Строительство зданий,F,43,Специализированные строительные работы,195200.0
Q,86,Здравоохранение,M,69,Юридические и бухгалтерские услуги,191983.32
O,84,Государственное управление,C,14,Производство одежды,184020.47
A,1,Растениеводство и животноводство,F,41,Строительство зданий,180844.8
R,90,Творчество и искусство,N,80,Охрана и безопасность,168000.0
P,85,Образование,A,01,Растениеводство и животноводство,154571.5
Q,87,Уход с обеспечением проживания,C,21,Производство лекарств,144960.0
G,46,Оптовая торговля,N,80,Охрана и безопасность,144000.0
C,26,Производство электроники и компьютеров,J,61,Телекоммуникации,140000.0
F,41,Строительство зданий,N,80,Охрана и безопасность,108500.97
O,84,Государственное управление,A,02,Лесоводство и лесозаготовки,94708.2
Q,88,Социальные услуги,J,61,Телекоммуникации,93457.5
N,80,Охрана и безопасность,Q,86,Здравоохранение,90103.8
B,6,Добыча нефти и газа,G,46,Оптовая торговля,90000.0
R,90,Творчество и искусство,J,61,Телекоммуникации,87723.88
Q,86,Здравоохранение,H,52,Складское хозяйство,80431.5
E,38,Утилизация отходов,D,35,"Электроэнергия, газ и пар",79858.86
Q,88,Социальные услуги,F,41,Строительство зданий,76460.57
N,80,Охрана и безопасность,E,36,Водоснабжение,75599.0
Q,87,Уход с обеспечением проживания,J,63,Информационные технологии,71625.06
C,21,Производство лекарств,H,52,Складское хозяйство,70217.92
M,69,Юридические и бухгалтерские услуги,IP,IP,ИП / Физлицо,60176.38
E,36,Водоснабжение,F,43,Специализированные строительные работы,60000.0
Q,86,Здравоохранение,E,38,Утилизация отходов,56671.8
P,85,Образование,Q,86,Здравоохранение,52975.0
C,10,Производство пищевых продуктов,E,38,Утилизация отходов,47089.12
O,84,Государственное управление,G,47,Розничная торговля,46817.5
P,85,Образование,R,93,Спорт и отдых,45570.0
F,43,Специализированные строительные работы,IP,IP,ИП / Физлицо,44625.0
B,5,Добыча угля,C,21,Производство лекарств,39870.0
P,85,Образование,E,38,Утилизация отходов,30497.93
K,65,Страхование,N,81,Обслуживание зданий и территорий,30047.16
O,84,Государственное управление,C,20,Производство химических веществ,25467.2
F,41,Строительство зданий,D,35,"Электроэнергия, газ и пар",24564.7
K,65,Страхование,F,41,Строительство зданий,22874.96
Q,88,Социальные услуги,P,85,Образование,20149.85
K,65,Страхование,J,61,Телекоммуникации,18807.68
P,85,Образование,G,47,Розничная торговля,17202.620000000003
P,85,Образование,K,65,Страхование,14323.82
P,85,Образование,C,14,Производство одежды,13532.0
J,62,Разработка программного обеспечения,J,61,Телекоммуникации,12959.0
J,63,Информационные технологии,C,17,Производство бумаги,12616.0
Q,86,Здравоохранение,C,14,Производство одежды,9000.0
Q,88,Социальные услуги,J,58,Издательская деятельность,3525.7
